,Prix
1278,30730
46,20610
563,50860
1448,33330
1049,4020
321,59910
1398,18950
679,27340
1402,33280
314,11220
825,56260
986,22580
1469,29040
1172,57380
1494,35940
874,15090
27,22680
785,18540
65,14540
1130,10150
332,18530
315,35090
242,13780
196,31060
223,35360
1082,24980
144,29940
1260,99760
1554,93410
639,38100
1054,35650
644,25660
607,10250
16,25800
28,31590
900,26330
39,40240
164,14980
362,36920
72,19060
169,16480
1439,17230
120,17800
838,34560
267,25630
1452,22020
1094,16780
1000,34190
705,39780
857,21220
1179,13090
735,11860
191,39940
793,16480
753,24750
1105,6780
1161,3240
378,37470
700,22790
784,25990
1089,23200
396,16270
312,29610
318,17960
614,9340
1425,26860
306,24130
394,64530
670,10540
1547,11480
715,23480
542,46730
980,13780
1407,13900
255,18160
857,34900
1508,31440
1104,40220
1242,16890
1062,30270
885,21700
1262,18540
534,21990
272,21490
978,11530
1391,17080
1428,46290
1011,37340
597,21960
790,25970
581,12430
1220,18170
749,21830
149,15300
495,19050
1512,27710
1274,12030
295,20550
1161,3560
1168,43850
516,17960
907,24280
547,20690
939,67290
1424,67080
925,18330
1349,12870
363,21660
1418,69600
1334,23400
229,35950
971,43780
1153,13090
114,26660
1183,27960
785,49050
134,38260
512,13780
614,19450
14,53550
354,15800
1111,27890
1487,15380
352,61500
152,23470
654,25500
79,19310
1491,22080
1576,5760
164,17350
818,36940
360,29360
805,39100
410,29570
162,16950
126,34140
1144,14510
489,13420
168,21180
1255,22550
901,52410
1523,18420
884,14500
526,37370
900,48380
1023,29870
188,18890
1213,23720
1194,4660
886,28870
1225,30920
913,18530
897,32420
1394,22860
1261,26300
530,44440
1363,19780
1351,26230
1301,51220
175,13300
378,17420
98,32640
904,19360
264,15460
806,47340
1046,6490
1113,47860
225,18000
170,28530
370,36690
488,37690
722,8900
185,31730
1565,4940
1052,15060
55,18430
453,14190
1276,48360
1506,9970
965,23380
1004,18850
1388,20590
1501,18450
688,20740
593,6230
512,61490
1075,22190
234,50290
106,31560
871,27950
34,50040
1200,29950
1323,13670
1550,19180
1073,27580
1580,28320
675,22280
299,5330
393,32830
1114,41880
147,21290
460,4080
1006,23780
321,13320
828,15660
525,28380
1228,19050
1199,48670
392,28380
86,26750
751,22480
474,15710
1423,24970
883,34420
500,24270
963,26480
402,17450
1124,39540
1268,53110
315,23520
963,21160
875,15220
376,22710
1392,17970
1161,18120
696,56160
1368,11080
157,25740
409,9740
1492,26760
1036,22630
757,18380
131,34980
1153,21070
1515,47740
449,16030
816,9790
750,20500
86,17980
1479,34590
134,29260
1093,8460
688,18470
609,13070
609,17310
890,15190
369,36200
53,24870
904,24990
1412,7480
1115,10800
1571,18030
524,27120
937,23980
36,22020
379,11570
1505,15750
997,11000
298,10040
1446,17230
445,21070
1592,12630
816,34420
90,21830
1129,10800
1066,32970
425,13060
1088,28040
439,28740
685,25420
1408,10780
445,38430
283,25170
242,23080
714,22380
1384,30490
582,21070
852,40440
15,33840
968,21070
1347,12490
847,14150
1091,15520
644,25280
43,29380
621,6840
789,12060
459,31520
974,32890
1120,29120
287,16120
766,30370
496,9530
931,27480
208,90200
740,3900
1462,28400
202,18890
1565,15510
288,41980
1320,10750
757,3900
85,42900
756,30920
573,12850
665,26720
116,13120
850,19650
491,23980
323,57880
120,24340
491,26120
182,34590
937,20110
1059,27680
445,30460
501,14130
1166,20880
742,14500
149,33020
1064,15060
1403,30980
70,45010
234,21380
452,59250
1200,82930
33,26380
1292,15440
1561,12940
680,3330
332,30730
272,21510
112,41130
30,42680
1229,20120
302,32980
806,19870
1375,13290
1425,10080
823,23210
320,67360
639,29960
1346,32430
1268,15800
357,5630
9,37360
516,29330
601,25860
1430,106980
1197,34390
562,65380
1060,26020
603,3380
1148,17530
1316,41780
1427,18460
94,22370
822,43960
731,40550
364,40510
65,12960
1184,34160
161,12740
552,17240
1121,15560
178,16100
1472,15580
1043,21070
1389,32920
767,18320
94,36500
1325,24000
85,22990
727,34480
885,12190
502,34540
681,25280
73,24520
974,28220
529,47130
1284,72580
1366,43360
454,99320
576,36980
990,15050
1032,30920
961,16330
269,29940
1089,11860
308,29750
396,34260
566,22780
477,22020
965,19640
515,25720
458,30690
848,26660
577,40920
1109,7250
514,34330
123,14430
1475,26380
501,52290
671,15490
987,34500
793,33780
390,19970
584,36560
1275,46620
1250,16390
811,22770
558,24950
1389,34230
1183,20260
355,59910
1275,41540
1551,24590
102,17030
1428,20310
847,31210
261,47050
1350,8530
1546,22030
1302,29960
863,43360
941,59380
1126,12290
327,22580
1296,31020
1428,22030
164,8240
752,10350
1119,27820
1542,6200
1000,21760
1450,35280
281,46860
1144,20180
868,34070
554,27280
31,19190
934,81060
1390,35260
66,31950
382,16980
908,22480
820,25500
887,31300
1280,25600
629,27040
1456,19820
201,58150
527,33540
996,26230
1354,27060
499,31780
64,46800
715,57130
184,21820
479,26890
1078,35180
509,17260
5,13660
1370,21830
753,15780
1204,14500
328,50290
1168,19660
1013,33540
981,12740
652,16190
13,47850
396,19550
476,26140
266,16370
1333,23240
188,19000
1312,14640
1212,20310
210,22540
743,52530
1224,18870
1504,21940
259,46910
181,37780
604,25020
1125,14390
59,13340
310,11330
1469,15060
189,19900
334,46880
889,13900
120,25360
1553,20190
492,20860
307,17530
1243,18220
891,74920
428,14800
196,23380
1276,21290
1214,21830
974,42940
478,18850
637,9180
894,23920
965,24070
1175,14970
1470,20880
1360,5070
1278,18870
1120,22110
74,41160
1580,53240
182,34860
632,51280
729,58480
565,92380
99,41630
305,22030
1074,46200
374,39660
670,34810
1079,56110
1010,11780
1058,16050
343,16520
1590,14680
1333,25190
508,24230
364,22410
845,22360
550,11960
446,34540
1138,6760
287,29240
58,49860
317,23980
1134,41880
1088,7580
1497,27260
496,42000
329,17310
725,61990
111,43910
1496,45870
1350,14260
1126,47170
1459,6940
1007,30780
802,11220
1037,7300
738,8780
204,31630
125,19420
76,22750
1483,36270
1559,29870
949,27490
99,24160
415,26000
1215,28540
1314,28230
1429,29020
619,64690
1110,29000
72,28050
691,30980
1288,24370
1253,22920
1151,10540
447,30780
1432,14150
1523,3430
1000,17980
503,21540
618,18540
517,56270
1190,18270
1042,56280
1327,31170
1350,17020
155,26910
218,41120
1158,44260
1530,27930
1348,10510
511,25500
1197,40690
113,20790
661,27080
1314,20200
985,21940
1224,19430
874,12820
460,35590
373,24590
536,27230
326,9670
231,47940
1425,13770
684,52890
473,11420
844,56660
788,12620
1186,15000
1111,42340
1433,14270
1440,26510
776,11230
67,26980
1087,12580
92,20720
541,28230
1402,23160
262,40910
1107,11860
1336,15060
1412,52980
132,25810
368,52300
96,22100
1027,64640
1447,27730
113,11150
371,16360
1504,45870
789,26230
781,19780
221,12570
766,52080
867,26620
1112,34700
1401,34980
1016,23300
616,17750
353,9540
646,27540
270,32080
818,40250
1434,14580
255,18040
1022,11050
1218,27590
166,15950
1506,21410
416,10060
1187,24150
924,21640
764,16940
70,17100
1528,32770
791,16100
839,6110
301,34790
901,19950
481,14960
322,29750
1260,7330
1592,20440
11,28780
1471,60400
1206,26330
879,28270
414,13090
1560,48650
1532,9490
821,43090
707,3150
1039,21480
75,18710
1453,40100
1556,20700
1395,12750
273,17740
953,25280
1277,30620
1356,20860
538,36580
1227,27810
306,13070
1186,26080
1167,39660
587,18770
1155,21560
229,8940
1330,12700
513,17380
540,26100
202,19180
1063,31220
227,16080
878,42860
1256,21510
928,33020
743,22440
1303,24690
887,51870
772,11970
49,17470
541,24950
1503,15060
1037,13540
479,24130
359,19120
1363,17790
446,34440
1060,17810
929,23780
1312,22880
60,32650
1439,10420
1331,8850
1032,32360
1092,19590
916,53800
437,37030
1204,17420
850,20110
1176,20260
469,19580
436,16780
1517,21660
1056,37480
581,31340
481,15800
606,13550
660,17390
365,6020
1276,25610
524,24920
910,10510
1366,55520
31,18700
511,22450
941,20500
427,24180
1310,21180
657,35290
452,4040
694,34810
235,20850
122,22240
1172,21090
944,19810
263,20200
988,12940
1535,24710
114,31560
1307,13790
1211,22410
1207,20440
969,23080
358,21070
1285,11010
1213,13080
458,18340
1329,20140
856,22780
1417,26890
495,13210
1286,27230
1553,16830
451,18580
1185,28690
802,20350
622,4780
1395,5040
1585,32740
1258,31270
680,15210
261,10040
198,9900
1358,36470
1394,11560
1055,32080
375,36860
736,15660
310,66120
227,31240
1569,18860
613,43200
1182,23780
1328,13340
26,37170
442,4040
1407,55980
1427,30560
1560,22550
389,21640
908,31920
415,16200
1107,18890
684,28240
780,41680
1010,18710
310,17750
1138,23490
433,18240
741,17900
1410,18280
1029,24360
17,26200
279,12700
13,37270
1210,40610
1028,21220
1121,51390
661,35580
1466,22240
1164,30200
1423,12280
945,19190
505,21240
25,28300
325,29660
713,16660
560,51450
695,25650
545,124090
1120,6780
1410,20320
892,18600
1443,33320
1033,56920
1111,20040
515,12940
624,11330
12,15580
425,31960
549,22620
361,45980
1178,15710
302,15240
353,15680
1113,8610
1036,30660
1412,14560
1597,39360
1281,33730
1061,8460
57,45120
294,23980
387,25410
1489,12300
79,68510
209,15310
1503,29970
930,21240
1235,26230
1571,19590
1376,59260
1149,23070
1317,28050
149,14110
1328,45250
157,18850
1095,17830
862,3020
119,9170
1357,17340
1236,16180
1393,26230
934,21150
592,9980
1055,9840
119,43910
427,13060
1060,37630
1313,31300
552,23000
994,66670
161,28380
1411,6580
1177,20880
569,10440
1049,19960
371,28890
1438,32590
722,15710
948,29330
1206,33200
837,46760
313,23480
478,25720
3,18640
1473,24180
1314,31390
179,18170
1579,16780
244,13800
848,9430
1562,11750
742,39360
380,19520
1550,55090
763,22400
1542,41800
52,21640
441,35250
1408,27710
205,17800
663,29890
474,40240
1184,29510
124,24160
1462,4460
1206,49550
217,31310
450,19710
1125,13900
917,20040
1517,46720
1356,13200
1283,38920
198,22340
172,47610
1404,9590
635,38510
705,12180
1376,118440
1000,15940
957,15510
803,16500
351,12140
656,15660
717,19090
865,15360
1027,22010
1002,31690
1514,32170
167,19420
608,62710
1189,16400
1285,43280
620,10270
1396,13680
809,13090
1336,27240
314,36580
1508,39370
470,18580
403,34180
315,49090
879,17230
938,24930
18,24380
594,72340
842,34960
234,21580
1430,19250
637,35630
45,19700
1362,25940
116,64260
1354,14730
529,26080
636,23050
1125,15650
258,32360
1159,32920
785,31570
77,23080
733,16180
51,18580
1253,35210
982,21240
90,21020
1435,73390
1415,46780
1017,8460
407,12020
71,16480
562,10870
23,63480
1289,6870
1321,6570
506,36610
388,41970
953,23300
86,44010
627,17060
578,38640
914,37800
1101,16690
829,11480
798,12520
1029,24170
1019,94500
911,25190
1097,39310
41,28870
1390,17340
764,10420
674,27340
813,79800
983,24360
460,17480
1590,38770
1503,18120
1331,17980
872,28310
1348,29670
940,59780
1253,39650
1263,14670
1196,19190
328,15220
1188,36940
730,24970
856,33310
1555,25050
387,42810
411,28870
1001,29550
183,23100
574,22980
293,20120
205,24400
866,59650
1222,43100
932,58630
1319,16940
300,17910
319,15660
1430,49110
1437,10600
74,21260
1304,17340
1104,22480
724,19700
910,21440
1591,4780
21,19960
16,25570
253,12520
96,36500
1369,18950
869,46460
1217,22600
823,11590
1320,20090
1076,27970
179,37310
1086,28270
379,20740
1280,21760
1075,19930
947,31240
935,27280
1212,34700
104,12390
1116,42140
1226,17260
442,20930
1294,24690
1287,3240
1573,9930
1091,45980
1422,25750
482,23780
1521,7360
927,23830
1313,49830
1311,9940
690,5760
537,23570
986,11090
695,14140
787,28720
180,17660
830,22580
795,36220
33,16140
1358,11660
1508,23870
218,17200
652,21060
48,22240
1155,24130
583,14410
248,25630
202,29380
311,29630
1586,18860
260,32640
216,34190
90,21740
992,19780
1230,18710
1384,31250
121,35090
1115,25050
188,36140
1264,99880
808,15520
1485,8040
1322,33220
675,22780
678,45200
907,25050
620,11820
465,22000
1481,28390
123,32380
1219,27990
757,8460
78,30300
1199,46230
1295,29100
298,17590
815,55330
660,38280
1546,4320
864,7560
208,38530
1255,30730
1327,17480
451,38120
878,7420
36,37600
1042,19930
1271,16580
1424,25590
726,16030
1416,29730
703,9790
702,10730
1503,3430
304,55200
752,34620
130,28910
400,23830
852,21860
162,18850
798,11530
469,35940
1594,22610
146,35940
694,16800
560,22620
238,24500
64,14940
399,48060
599,18770
663,20690
34,18510
211,32110
742,8730
1174,46230
811,26990
1335,23260
840,13660
1105,32080
1370,15550
621,10680
505,20140
445,12180
329,22070
1551,16530
1215,39080
1509,18000
528,24340
1244,28480
754,28640
26,128680
658,20500
551,34700
690,49200
231,50710
865,36720
1589,45120
172,23870
1062,23750
1304,29050
289,21530
1198,9180
1516,18190
49,46120
98,29510
638,49150
693,18680
1432,20890
472,62470
354,67360
1137,3850
1431,25900
1030,34310
342,43980
929,22580
992,22180
114,34870
110,34290
1038,15520
70,22110
1066,36580
881,52780
186,26660
466,9540
1403,68880
1556,41230
74,19980
973,7470
163,17800
1450,29120
744,15780
921,16230
940,31880
167,40920
170,25060
678,11680
1527,15290
941,24150
668,24870
1402,13660
1516,23520
160,18460
389,21220
1593,2440
794,75510
402,23500
9,25570
413,13180
443,26160
1482,31080
921,12690
1306,27600
188,16360
479,14100
674,2350
751,18000
1510,18840
238,31620
902,42380
1116,27820
1449,15390
315,41040
37,30760
298,19070
679,19980
668,23520
1278,38500
1597,52050
438,15800
1411,14110
738,40680
1488,97160
830,35320
997,15810
657,10680
1542,23150
1390,13120
1011,33150
919,29950
991,22180
928,22210
347,32590
103,27110
1167,30660
814,32380
1023,33910
519,22980
470,48430
1379,20320
843,28500
1261,15230
1,19410
1121,33530
1159,36290
433,23610
872,25410
1034,14130
85,28840
722,22480
388,28590
181,14260
730,34140
233,31300
605,27880
140,10330
1591,29660
892,25600
1379,9840
1308,52480
1591,30130
538,44620
311,17200
809,12280
851,25830
1142,15660
760,21400
455,47270
1578,15490
60,20700
337,56510
1552,17690
835,3260
1194,88090
1237,16570
562,11960
1053,14040
539,10540
598,18790
674,46070
1397,21400
252,46180
897,21060
622,26770
383,19970
383,49660
650,19830
155,17200
832,8220
769,32730
1133,20850
1184,14990
395,42060
229,15940
1411,25570
273,12280
1540,32460
1195,26160
383,29780
300,20610
38,19820
923,17060
792,22180
680,31300
51,13900
1515,16220
972,28220
631,27120
970,28740
1451,11980
561,40000
1309,14680
152,16220
129,22560
619,18970
95,24340
882,34370
501,22360
68,36380
1359,39580
650,33750
483,22020
93,22590
6,32590
1284,18710
327,33620
224,34180
1557,28890
623,32590
487,26480
110,24160
975,10190
1206,19480
78,22120
241,34390
1103,18540
1084,14130
418,36280
1020,18120
41,27480
919,19360
823,6030
835,28310
316,15430
385,42430
563,24300
831,16080
1137,19330
633,24980
1438,17230
683,14150
333,27360
857,36720
547,7390
699,9340
335,13070
392,25530
578,20560
1254,10960
1057,20820
617,21760
1474,18790
204,31960
393,18160
1534,42900
187,37080
541,15710
1191,27850
482,9700
42,24550
973,20890
602,8730
1390,38830
1088,27120
746,17960
1269,17500
1352,10670
1415,24520
804,19290
1040,23020
860,24620
268,15900
553,29100
179,9220
390,30200
691,67520
572,16640
776,34310
108,13120
117,25720
1531,8730
429,11160
972,16950
55,15040
369,33050
778,21040
985,30430
721,19100
265,15300
165,27440
801,25010
1210,13440
169,24120
1291,21180
587,18130
166,25150
762,29830
1084,35480
57,32530
1039,20660
888,25970
881,32720
653,12420
448,13440
1410,82290
1149,14020
1524,30120
873,62280
324,13800
227,10720
564,29320
168,14050
1132,24820
534,38640
219,39730
1596,16530
1236,32820
1325,11080
952,28110
1343,9400
320,24270
478,11540
268,36920
632,10680
1556,15950
1039,6430
106,8830
923,31920
631,24980
1386,41360
557,19020
230,23180
412,5360
110,18690
226,9220
598,15100
604,13510
1146,27890
1482,52400
412,40280
289,47170
1502,12070
601,4250
406,9340
1504,6260
743,14520
193,7080
1224,12310
681,44000
1013,17830
293,21490
1183,24820
1322,24130
1206,4700
304,17310
273,33040
1219,18080
1078,16540
915,20460
806,24340
40,27120
844,23050
1510,14260
1372,42050
186,22180
285,24590
759,13890
68,21640
1335,9790
1116,33340
462,13060
117,42100
1550,12580
1342,13780
235,31470
1537,29260
1434,29820
4,46620
87,14010
957,9700
1034,23460
146,59380
499,30230
664,12630
604,24280
150,17740
1071,19700
365,20980
925,25570
1145,14670
1072,35630
1159,16360
1019,22110
350,28880
810,12410
1338,8620
826,16510
689,19700
710,3660
775,26880
477,16050
599,53660
533,15820
435,15260
549,32380
1584,18030
1340,18850
1331,155040
564,17960
1035,15240
942,13290
329,17830
1177,32890
1587,1710
888,16460
1498,32450
1175,46310
1102,32920
1329,17670
1197,30600
1098,31870
51,43870
1597,28730
670,20090
747,32700
1071,13920
1522,12510
1598,35090
1467,28070
1160,16780
326,57380
343,8950
1476,13300
330,16360
849,22370
810,6660
736,43750
562,34070
131,46390
1545,16800
638,31300
436,29320
285,17410
368,21390
1046,196080
778,25970
247,43580
224,21940
0,40450
1258,9790
217,29580
955,19600
334,19060
126,38820
434,38610
897,14540
1525,35530
783,18170
529,4340
522,20520
89,15390
665,38110
509,26820
1559,8410
1578,24870
1388,7560
485,22300
65,15520
483,23760
533,28110
1374,36710
1264,18540
557,32220
1137,36480
1051,12080
1410,14960
896,16410
1020,25750
81,28190
866,28780
256,32640
675,23160
483,28800
1415,20550
323,48380
364,16660
1023,29360
1474,27790
1573,13630
878,15710
649,14760
1001,17650
953,38980
1053,15360
655,24980
1297,25500
741,36360
379,29970
1266,40090
1291,36780
272,29360
528,47180
193,53350
1514,42540
1497,19200
526,19730
634,17060
237,58810
755,17380
301,15710
945,34480
609,24870
64,35290
1079,21920
1077,26140
841,57810
1433,29110
440,16660
1209,19540
113,18690
1367,40650
482,23300
984,20040
1460,20880
593,68460
43,14980
915,7750
534,31620
131,20860
1232,11320
700,11100
967,42210
723,16830
1177,20310
1477,23270
1362,9340
771,24760
280,40910
1412,28600
737,29820
1269,30410
1157,39880
500,49580
1283,18060
705,11880
399,14700
666,24960
37,29150
1275,19190
948,33170
1518,11140
180,22400
335,11890
438,18480
1356,7180
633,63700
529,19660
367,18280
99,21810
1091,12720
760,25600
1236,15420
204,52000
998,16940
1293,19660
1577,6340
26,18340
1115,23070
1205,21090
1470,25640
133,13610
475,18330
1187,43910
713,20890
465,24130
1315,8950
1403,9420
1140,22210
617,27480
1366,48040
1223,28300
81,16320
1148,27370
345,33610
1257,20670
1299,22780
1194,32920
698,15850
618,68900
866,25370
1143,17640
758,15000
207,38530
672,7870
702,19090
960,28800
342,29230
644,35650
1533,15850
207,19670
966,23980
557,31550
347,18820
886,30270
427,24520
968,127680
1418,5220
1057,43080
522,19660
1127,20510
1344,19410
786,17710
751,18680
713,19360
1561,18220
1307,11650
532,36040
33,42680
724,23480
1546,21970
226,31800
8,7740
520,34590
1550,33330
1315,20210
1404,34920
316,23080
1414,42430
1197,16530
1356,12280
1595,20650
508,57470
127,28910
958,19060
93,16210
1560,14880
809,29620
1171,15990
183,20690
589,14130
967,15750
1207,42350
1328,19420
670,19830
995,41960
737,8900
1301,17380
104,28840
441,16960
440,11660
742,24590
361,45120
758,16570
583,3380
1533,10510
380,26610
761,19780
419,22020
1134,30840
126,23350
1381,26200
388,16220
377,21220
671,35180
756,40600
744,86130
1274,21700
718,16770
906,21940
1070,24870
1137,19180
297,14550
1010,25650
277,46910
390,47230
368,29980
621,21310
391,18240
1316,26760
510,28300
1416,33320
1583,4780
666,15600
654,10060
139,31840
49,21760
345,10900
708,8290
144,24110
1593,11550
1219,34760
1096,34130
1546,14190
874,42720
969,41610
784,34310
1122,20850
338,18310
1394,14380
1460,21460
309,17050
662,18150
91,27360
1537,19020
1048,83230
1109,11530
1189,34220
109,35030
1236,29660
676,20220
978,21940
997,25850
40,34960
631,46070
284,15970
362,14160
240,27480
1382,33020
351,36880
228,18580
484,56470
462,43610
433,10430
683,58740
499,27350
151,125340
386,21890
249,29140
188,30220
901,12170
23,105180
1072,36780
42,18980
77,5230
773,20110
589,22780
1342,14970
735,17260
135,39800
952,20040
643,10050
1420,17020
302,20700
903,17970
1198,27850
240,26380
896,26760
664,35650
1215,49550
656,70780
1020,36270
308,17590
737,14380
148,41280
241,16780
1400,54900
1306,24590
727,7360
1295,30730
599,64780
973,10190
190,27960
1008,13920
1145,14860
758,21180
1269,36580
895,13320
1203,39980
159,28380
1031,14230
397,35360
724,33680
632,32890
438,59860
286,27280
1401,21220
1075,14720
29,25970
354,26730
961,79580
42,48740
374,40590
1323,31120
613,49220
820,66420
58,17300
1272,6830
1351,14380
356,68530
1354,12750
1436,15500
651,64350
1022,21440
1187,14880
1514,80710
1104,22280
54,27100
1521,19960
1195,42330
808,72680
310,25870
172,26840
920,28730
173,10780
176,17260
45,26540
175,39390
374,4860
34,19870
900,25270
319,69700
1099,39250
713,32190
736,12080
1435,39180
186,45440
1490,19980
815,11480
10,15160
468,14980
331,46860
1357,20960
160,17200
516,43670
175,17340
403,43640
1537,15850
1104,18020
177,24600
24,84050
1058,11280
1366,14430
151,15520
1032,17530
1107,39540
214,38490
306,30480
472,15520
910,25110
705,26080
68,22530
482,14980
1065,27830
953,42510
1254,71250
1129,22590
1155,8730
1293,16950
106,12720
131,18170
729,29820
1247,32420
511,33190
750,11570
1459,31880
665,9180
200,29740
1248,18980
246,37720
1540,27350
18,49440
444,27410
568,21350
1026,25720
877,17230
583,32730
1114,15560
1505,24450
686,53390
600,21460
271,21490
1261,28380
1450,23550
431,18480
914,24170
707,17100
386,13890
682,65310
666,29440
1129,8120
1397,44260
1440,24580
25,13790
1579,16250
1178,29720
1529,36730
1445,20440
911,29380
1313,6470
118,16220
24,18000
995,14190
1079,50290
1211,18170
541,59730
58,14260
1455,29360
760,21400
730,18430
1353,6310
647,1870
291,10890
1085,31490
1287,30620
460,33610
1595,61580
745,16180
1539,22130
1150,3160
1205,19820
1221,26040
1238,24840
1524,7040
542,71680
196,33490
1433,14260
1122,11520
1309,48970
97,22240
1498,19870
156,26670
468,16660
1541,10810
1127,42310
1083,14890
192,27960
121,20380
843,31890
659,21370
1563,14620
345,49090
28,52340
831,26230
950,32080
1578,29860
1398,28730
1050,47340
303,25060
223,19030
85,13400
235,23980
615,24490
326,13530
300,17060
119,25740
864,22050
339,17800
587,20740
76,56160
1354,21060
815,37100
199,23160
755,37270
1386,23170
1259,22400
292,30730
15,62930
1419,25500
835,49860
1408,40100
1420,24040
628,33190
726,20760
871,22580
418,45980
444,22180
1103,22860
611,14480
455,30300
143,37570
1331,12480
1224,39320
1510,15490
82,21640
765,16200
1232,14150
443,15750
1338,15460
652,52180
281,14220
1568,30830
1241,14540
391,36870
771,22190
1339,15810
549,22870
559,46200
466,8030
716,24290
573,60240
858,59650
1243,75130
1083,35860
82,14590
17,23960
1568,19950
407,16230
1365,16930
306,17670
1333,36250
1422,3050
504,113550
895,29020
1504,9520
863,3020
102,25280
1235,29000
993,15850
1185,66480
1448,31880
1082,18870
225,14410
797,24400
94,13200
915,10350
381,25530
151,31350
314,30340
138,16520
1088,35860
411,28600
720,39230
1118,12380
835,30790
1320,19620
1302,108500
1123,18280
1522,50030
1321,10510
116,16070
1365,35020
1562,9980
1279,39650
508,22560
1476,10360
573,16810
397,28630
832,30840
825,21580
863,20670
1272,27020
25,16530
275,30950
474,13070
899,19010
506,33470
1436,12850
1232,29380
60,14940
80,15340
872,31620
1123,26200
1400,41360
1189,13090
859,24050
518,47120
1395,32920
387,38860
331,22980
1398,43950
896,8240
1108,39910
61,18860
979,39540
1360,13770
111,72840
1413,33210
995,41980
843,25920
480,14480
993,14510
1106,17480
1392,6310
1227,27660
1247,43640
293,29020
766,55980
1293,35820
1238,25410
190,36870
474,10830
1368,54220
1558,1710
173,13200
1421,29780
22,14280
170,47950
1229,27720
723,24170
1140,19830
1100,23690
1456,26430
517,28060
1369,32960
1014,16720
1575,17640
1068,28600
859,33580
575,4660
882,34140
1107,34130
371,51950
814,37100
1411,33000
73,19810
1172,17980
14,26580
489,51530
661,6280
1279,25600
781,33180
1124,16380
402,31700
1286,26890
1549,19020
504,22480
100,19420
1261,40710
200,52900
609,30250
7,18420
182,18940
1217,4700
612,44920
741,10330
584,20460
411,5500
1250,13550
981,25140
1378,69600
439,51900
1351,11750
920,27700
1416,19280
982,32980
424,9690
1150,15940
80,23290
244,55180
993,28320
921,42940
39,12580
1141,39870
523,44440
697,26480
118,59460
1139,13890
671,4460
1545,19980
902,49470
1396,42380
1406,4300
1191,13320
800,28840
1226,12390
26,44380
64,18400
1074,14480
616,34870
1552,24950
35,30250
597,13650
168,29610
237,8420
1033,26890
50,18790
627,22410
1364,21580
1449,33910
247,32530
1363,36480
636,24660
819,12190
963,24130
611,51790
282,23470
1196,28030
989,18730
1544,2970
1401,21510
576,13660
415,40240
312,11380
226,7400
858,30980
1478,32450
1468,12690
1116,7430
889,33550
630,19820
148,21040
898,16380
454,33200
1517,29610
420,23000
299,52970
224,9790
994,12940
1431,36280
1258,37630
497,17170
470,19300
1229,4660
197,17900
109,42100
1043,6400
416,23620
746,14930
1454,6580
222,25710
348,40580
94,44450
1004,43650
1511,29850
1182,14410
397,23280
1075,34270
1488,23540
119,44150
407,29200
1437,8620
386,27710
143,11980
597,89300
671,36510
83,68510
1395,39250
322,19870
490,17460
1204,23160
899,43330
1227,37290
1522,15710
186,54420
939,32180
221,16570
1106,41640
791,35380
567,32080
1270,7480
610,3070
526,19190
1218,3240
593,7950
556,29380
1223,7240
1505,53500
112,72840
688,9880
1522,18360
787,13180
1077,45980
662,48130
19,10630
977,29980
1252,47430
0,6150
904,14870
1588,26980
846,8980
1511,22880
1163,42590
977,32110
1563,34780
8,27340
322,69460
427,31700
1595,24790
337,66320
195,19900
503,30030
1581,30130
437,7960
895,51870
185,32650
1009,41960
894,13420
158,18060
745,57230
424,32980
961,19780
1137,39760
1583,41750
898,54860
1265,42060
49,40240
1091,10700
499,46750
457,14500
657,31550
1265,34180
799,40600
944,30680
608,7650
1263,27260
1337,49580
964,28110
1472,21830
463,48920
1082,10150
765,21970
1451,23960
936,82690
476,18530
1088,33610
1554,19950
20,10580
336,20550
1347,26050
152,30230
950,31340
1340,6570
243,7900
804,21440
603,76030
786,17740
628,10180
821,13230
59,19710
285,27180
1231,38170
796,13630
490,26480
853,16220
1366,9510
577,23730
1097,39910
1079,17330
536,15730
579,35690
1202,22150
934,24160
146,7460
784,37480
206,30130
1097,22630
1300,31180
656,16240
206,31040
87,19810
414,33200
633,29960
785,13650
1589,9420
845,34620
1328,27350
1098,23580
1528,26620
475,8010
142,31350
191,20110
1033,62350
779,21780
436,13630
290,50290
1321,5970
440,36240
488,64280
1400,14620
408,31080
731,13440
718,21400
533,35070
1093,81290
1350,13220
900,15840
939,25860
1180,22780
1078,14980
11,18430
199,19470
362,19230
623,47280
1458,4220
681,20090
1266,16450
794,24620
12,21260
1061,23680
404,24700
757,12640
569,25490
782,42230
1300,34420
400,48060
1396,34500
1053,35380
1289,23520
1444,27670
770,52080
971,11110
720,19090
413,17980
61,25750
564,36840
532,29100
926,25400
1053,30780
912,52980
999,35620
1048,11020
988,20740
418,17520
1174,25920
1159,11250
969,17970
758,27240
1419,43640
430,9540
848,19020
218,14610
1201,32490
996,16640
1302,16720
790,70560
610,38100
69,14490
346,16980
1435,18890
950,47100
112,12120
422,13070
1552,23650
898,14380
1352,14380
286,17960
327,13620
51,31480
710,18510
905,21110
1063,31840
1458,14230
480,32580
1250,13210
1543,14360
1478,16920
1235,23200
452,29850
1491,18280
1244,16920
428,16530
994,17340
253,13900
860,22180
494,16050
987,14990
1557,26640
266,25720
87,33880
1012,196080
361,26890
1093,37180
657,47460
899,25600
1064,11530
1021,30140
1087,47060
1443,24130
1598,43410
488,21040
1158,20280
979,32220
86,13560
610,21950
924,36880
1507,35530
554,43490
1547,40360
1025,52990
91,47560
454,45960
567,9760
544,20500
886,11000
102,6580
1238,20850
876,49890
151,17800
1125,34440
894,29250
1504,20980
919,22640
543,20980
41,61890
154,24180
250,16850
1348,31300
1457,9520
1536,17660
956,38140
1461,36360
1444,26770
947,23080
568,25930
483,33230
1113,28290
1239,49580
938,27230
616,12700
924,29880
410,40030
1267,13370
1204,29750
603,18510
408,31030
496,34870
669,18840
586,21460
940,17970
1033,10910
987,20380
1485,47480
1520,22300
579,23570
502,34370
487,14190
456,10430
688,53080
691,12080
22,17410
129,46950
190,18270
917,21450
698,7460
1333,26980
1141,23490
1052,16180
395,29960
133,40350
293,23080
927,18170
711,22300
783,15880
1157,32980
168,15090
976,19450
254,48380
621,38280
1180,23980
431,49220
1007,42480
139,8910
401,29350
303,17110
1015,5380
1259,34570
684,26820
98,28540
1444,17900
1452,51860
69,39260
710,22000
1026,38140
964,19360
486,28480
894,27100
208,24450
1142,20500
1488,64940
1494,9700
1027,23080
1049,20040
215,15500
544,36230
1071,20940
309,18540
1140,2260
693,22210
1558,15880
591,60480
1142,21300
1482,19950
908,9240
1070,30270
447,15670
642,28490
1239,18170
740,47600
912,13920
1554,30320
704,80380
2,24580
829,65280
1554,5760
279,10780
818,11480
140,31010
930,18060
836,28370
1181,22380
281,30130
1105,23740
981,43420
999,24620
261,21070
182,24130
1386,25210
590,38260
1008,15670
1298,19110
732,16530
879,25780
550,23830
764,38190
1289,35070
1447,18730
1333,5380
404,19820
226,20980
991,13610
1492,26890
976,20460
751,22380
669,5250
432,14800
948,28420
1281,20320
1288,37180
536,21250
212,54980
273,28180
118,30620
1,25970
586,33460
792,10140
966,16180
523,27280
890,15690
121,22100
1295,9940
8,12760
936,20120
416,13900
1133,17830
439,15380
955,24780
1097,7600
596,71950
1154,43180
636,10870
1305,29360
886,37930
1184,40300
768,20380
267,26890
855,26730
1377,30980
365,20200
1549,20190
1182,43030
708,15720
446,19580
136,12720
1352,33480
204,17760
971,22400
341,21700
667,22640
363,33810
1487,30220
1045,13190
447,19710
101,21060
225,45010
109,39940
861,26380
927,49020
1270,6190
89,11550
668,14850
951,42210
748,27060
626,31560
901,14930
836,44210
283,28560
222,43770
645,34140
880,44210
1166,30660
394,21390
579,14820
851,28270
540,12850
952,19990
931,23580
1056,22000
124,61980
841,20460
1030,22940
53,45580
975,56280
739,17680
1277,30920
378,32080
1582,24130
808,16770
669,15210
429,27280
958,38980
978,22550
1391,16180
568,13240
920,16350
636,28490
218,28060
240,22410
664,22780
492,26660
70,22780
990,13070
688,23250
867,30280
586,66400
617,15320
175,24180
645,42480
817,27480
245,21680
959,9700
1592,18690
1332,33500
242,33740
39,18510
492,11660
1407,18730
640,17790
968,35250
467,41280
577,33180
191,12700
1223,29290
765,59920
754,14820
652,4460
597,21510
13,14620
654,17900
1355,19980
538,17480
1551,18360
1513,20110
517,26160
1345,12500
755,16220
591,7180
816,11290
916,30230
735,23740
16,30720
842,41180
510,16090
1262,19170
429,14190
659,9790
1294,14150
1424,17210
1047,169480
46,36770
464,30290
1105,29120
1473,20500
93,70720
513,21180
1569,16030
1208,42290
258,20700
1043,6820
473,22020
1267,22020
1330,21400
369,27340
1389,82060
189,33020
951,26480
174,15060
591,16780
1231,42690
1364,16350
647,29440
949,39880
162,16200
1511,28810
498,14380
364,41120
1507,19140
1324,21040
1572,14740
1441,14960
569,24580
859,16220
409,27810
442,49980
1376,13510
581,9480
255,330400
1169,16560
80,46330
743,10350
1161,20320
673,27040
674,15600
241,12750
1099,40090
570,14980
592,2910
1564,10940
854,13730
762,10330
1220,23720
1214,43180
401,15640
147,12630
1380,15340
753,26150
1123,17830
937,23090
530,33370
1514,19780
328,32750
1397,9130
962,22210
643,24130
1286,22020
824,12030
364,15090
788,17530
1302,26380
1588,6270
786,32920
1259,33580
298,30480
826,23290
481,24370
192,45010
1426,30520
1019,39020
384,21440
94,25740
28,16140
1183,18280
23,23810
721,22770
260,14470
767,970
989,29360
1498,22980
1534,16360
149,24980
1192,20810
1052,26380
1015,12980
497,18630
1549,42480
1428,18040
55,15090
962,29330
297,12300
117,19220
807,13780
810,25410
1322,17700
1524,20320
844,26690
546,71680
653,24840
171,53350
145,6640
1548,9580
1149,2250
388,58680
732,26480
355,18080
195,33900
747,32130
1283,11650
1147,41640
1059,33460
1410,9590
1324,10670
1340,7890
748,19030
258,48590
481,25050
1426,29050
1430,29490
20,35680
984,6510
1383,24940
909,19690
1040,6240
1008,15100
566,14980
567,21510
1495,6810
1112,2970
85,11940
650,30990
854,27210
1506,40470
601,42900
711,8500
1170,40550
873,16140
393,47580
1273,31300
1596,41040
405,29680
1448,21840
895,25350
377,37170
204,33040
810,13730
908,3750
1047,38400
830,23010
1120,8610
837,26550
382,13890
1153,36280
528,58020
1377,26770
767,21400
980,21060
391,10680
1308,58260
685,53390
689,14400
846,33110
976,17310
834,43300
1181,13510
938,13060
283,22550
388,22710
428,17340
347,38060
139,30920
160,42330
659,18290
313,26650
1559,51530
438,24780
1008,13400
720,25280
1548,17960
849,16050
513,11490
1117,19180
414,29280
936,35010
1249,11640
82,22780
926,11970
1127,30940
932,41040
1319,15560
686,58680
862,9340
960,13610
1442,18190
1216,36280
384,24870
288,47100
907,34780
1193,31880
455,25950
423,38430
1176,31100
1163,19660
1574,32080
1421,14520
943,17050
1270,33480
757,22480
24,13760
973,14710
158,20330
1146,55060
1427,55880
1222,13080
1458,8400
1050,28970
1150,18890
1463,30660
502,22030
176,24180
559,18380
794,17380
1278,15000
1536,16220
658,6520
309,21360
985,28060
1510,21400
974,11120
336,39780
1007,29620
280,32360
382,26690
128,39940
243,27230
1251,48480
696,7410
841,32840
80,22300
1383,18770
385,39980
2,48170
751,27120
410,32190
535,33580
897,21560
1563,18580
1541,8060
812,14100
237,43650
1301,18420
430,24780
966,27260
837,23730
780,18060
1294,21580
33,47170
644,87480
793,27370
493,33340
591,21070
753,24360
1573,33900
594,11180
1463,16680
1140,6820
169,4210
577,19750
516,19150
1230,73590
697,15520
1226,8540
251,27580
878,22320
925,15840
592,40680
1015,33880
1554,26660
963,27490
40,22120
192,12700
680,35230
164,31840
1268,27350
1134,44820
603,9000
1269,25980
1095,38310
252,25420
1234,34320
261,33480
50,39430
1115,17640
1451,66120
1405,40460
179,27330
1587,32670
1384,25570
585,34390
1240,49980
365,7680
769,30220
1418,19360
509,15790
463,30400
452,15510
649,15790
1480,15840
1490,41040
614,44780
1516,36300
819,53550
258,30340
276,16940
734,37790
436,31700
6,17820
276,12300
539,49300
924,21220
299,18540
338,16710
1228,7540
555,108670
358,23570
60,34780
189,10480
453,32750
1017,28580
1527,13480
1542,10850
95,15250
1166,38670
731,20320
1031,8020
385,22230
1499,32460
1380,37690
1574,32150
128,22740
1096,27000
386,32710
1518,18280
827,14730
282,23630
29,18700
1009,19190
1303,19770
779,54540
959,39400
307,31350
990,16800
762,20120
689,17740
1225,4220
1413,21250
996,49660
240,22020
1083,31870
891,11190
1024,20040
1362,58120
895,7370
1201,26480
322,17050
1592,37470
64,25750
1106,19870
1192,18010
1358,38920
1409,23960
1576,14670
935,19360
6,16140
1509,28890
533,6200
281,15220
476,28220
1520,19420
350,19700
5,34700
174,17340
178,16510
1199,22210
1305,15330
376,24120
1423,29480
774,13980
265,36880
467,17820
851,33970
76,21200
288,31840
1099,30030
1308,33860
1343,23640
1221,29140
1371,17390
797,18340
1392,40920
598,12630
1345,29980
163,18690
1226,44260
1021,27610
178,29330
1495,20850
1579,4780
472,24130
1192,32630
1383,20460
833,24240
709,15120
122,19120
1298,42850
1325,68750
35,21380
768,22670
79,43380
687,11110
1383,39580
662,32590
521,24340
170,15840
570,228790
27,12580
256,33110
1391,104370
515,39340
968,7750
1501,17610
1175,24330
458,13660
1160,36810
1377,18800
267,14700
1132,20860
382,11240
1245,15510
322,68530
1311,9400
791,30220
1203,22980
883,48030
831,18330
1568,4480
474,15450
422,15240
1288,34180
40,12490
36,27820
476,20650
1054,24170
933,34360
410,17980
1428,40540
1136,14310
284,34280
677,35090
801,17060
1382,12760
1353,28410
1339,27000
291,11220
1022,70680
302,11470
1111,53070
1228,20900
911,59400
397,28890
1381,33280
1189,17990
153,19570
257,37160
1068,22190
220,17760
781,13320
419,22730
692,10030
270,23630
791,67080
437,23380
21,22930
1089,14130
1118,16240
1284,58260
1092,17810
76,27580
43,16300
12,24180
622,30060
236,18860
615,7130
232,8660
12,25700
677,40400
1290,17180
588,24490
1234,28870
47,25600
1182,28040
1112,44820
1163,23580
194,29810
1046,6710
74,37390
228,27820
585,31840
849,46460
802,32620
233,30330
4,27480
59,33520
1322,39900
1001,31300
317,26430
1490,31920
1436,47970
1011,20260
1500,21400
1529,14230
222,23140
1596,40680
899,12630
1523,16780
1000,21120
820,8380
930,19810
1085,19930
1152,18860
1462,17230
236,24920
274,12860
468,39840
403,24270
1305,51170
1499,18220
1497,60740
465,23390
823,70050
1386,41740
701,28870
467,25420
1062,29000
768,29450
30,25280
534,17880
955,16160
1113,17530
1474,26600
1063,39760
205,25710
279,47050
522,37920
1071,31220
8,8860
888,18520
519,16770
1279,21260
1392,31010
749,33180
1198,17480
1191,8590
1319,32420
1547,16660
90,22780
278,32640
423,12690
1100,25790
138,41280
1520,23300
1393,78640
321,46180
976,27000
1551,19020
356,39900
236,17260
1225,22670
497,24180
488,37080
1332,26440
1185,37740
813,18620
1409,20500
1035,5680
1369,16470
970,28420
1495,20980
290,24710
464,63700
1121,23490
1355,14930
1093,15230
1139,20550
1271,16940
97,83880
1144,12300
1144,41040
296,28980
1129,11530
1463,15480
1053,28670
1080,21480
36,22990
580,15690
946,42160
1414,11760
676,48470
1574,32460
358,3760
1549,25990
163,20330
165,12260
262,13570
840,34760
1044,30460
891,13670
1557,15100
409,31960
423,14430
1452,25390
629,18270
1055,21630
1421,21650
155,16780
265,13060
640,6280
1386,2500
284,26500
686,11110
1393,21630
305,18580
730,28160
617,6230
229,83350
1361,20280
1191,20320
699,10780
176,27530
1533,27370
773,23370
28,12630
692,10820
1251,15360
860,20590
448,13900
1069,27970
1119,39880
139,16220
1235,18080
1455,9900
478,36510
14,21390
498,13660
330,37080
97,13510
1061,11180
536,47170
271,20610
1342,5980
1030,25500
399,31060
1139,26180
798,28480
1024,16180
1268,47970
450,33120
811,7460
865,11480
549,30490
1545,23380
1442,18220
899,21520
575,22980
1004,15730
640,51790
1409,7820
78,21260
1553,17640
778,35560
1346,28050
221,19190
421,26160
180,32460
5,10780
1192,35630
1400,33940
1116,40360
1413,31690
605,29670
324,38540
1040,4300
913,14490
46,16500
704,25380
970,34960
434,13020
729,15570
1209,27590
620,31030
171,35010
1207,25640
987,13070
373,31090
412,10760
1481,19800
826,6110
171,15300
1564,10690
112,19160
326,14380
531,47790
721,21400
633,6520
946,23270
321,17530
1025,28970
710,68620
1051,16950
990,41560
1109,32350
568,5520
647,14020
689,23200
821,13750
914,36700
1026,46600
1404,37420
1287,44630
701,18700
869,11530
797,15800
1457,25280
919,37500
846,31470
559,19170
785,18280
440,40350
1178,28540
1570,19930
1515,22550
571,13730
221,20140
495,14430
708,11510
1138,24180
265,21530
471,27210
1199,16560
137,36560
325,12530
1231,37740
782,14410
605,10270
3,23080
951,11120
373,39990
1243,16670
565,16660
691,2350
331,43380
1127,14570
459,20870
1145,18880
110,16220
258,26310
25,77330
839,14500
320,26040
93,15560
920,18630
404,28040
1181,51410
590,16730
1387,32810
31,28270
1,43440
153,31790
1020,23980
486,18730
1475,16930
647,29890
1213,58210
131,47150
1157,20670
162,13550
320,9700
228,16230
852,24710
761,14540
1527,19980
695,5930
883,16880
153,36250
178,11760
604,48280
838,10400
1347,52310
1214,12060
663,23900
288,15080
1177,11880
1527,24300
38,15430
1091,21510
425,29950
638,25280
1576,19860
1036,9880
1260,32910
565,24370
381,42100
507,17220
1298,35070
591,18670
933,13900
457,28740
572,39180
145,33460
324,330400
1219,25660
756,3430
1173,15380
283,38970
909,21000
1136,27820
645,24230
564,31100
634,45480
959,24380
371,15150
196,30240
885,17080
1240,19960
434,14500
866,40660
868,34420
224,29270
485,12850
623,21220
468,15260
873,26320
1018,4300
1296,22560
1154,56620
1047,31000
1545,23730
1364,16630
716,9880
1464,32460
1073,17580
1409,63580
716,47720
934,14890
1078,30640
352,15960
318,61500
384,24380
1038,51030
433,23540
104,26660
1190,39980
290,16940
27,22740
971,34180
1500,25510
1596,22920
560,22990
1503,9900
761,30250
17,23630
824,13780
884,26180
556,35730
1244,15410
199,27800
1336,11010
1193,33590
991,12940
29,34220
500,31030
1245,14800
1136,13740
1006,64790
836,28770
1041,62350
738,40260
299,14620
750,16660
1015,34590
1045,14890
87,20510
513,24740
22,19670
1508,42780
969,25610
1002,11970
1126,12300
1,13270
1402,19060
458,16050
564,6200
292,15900
1056,52620
742,28540
1376,24940
1081,34630
625,24720
1597,23320
1222,18790
1063,5240
1379,22390
582,32530
793,38810
1253,6080
1092,22240
687,58680
416,31880
1239,32300
570,37780
718,22770
1570,22490
300,11330
546,11480
629,51930
309,14260
124,16520
662,19980
643,35630
575,29870
1108,24820
792,32810
1335,10750
637,33620
1034,39510
773,29560
1474,5830
389,29980
1138,30250
916,20900
923,14690
610,26380
719,37950
1193,7540
1031,41050
83,296240
1463,15540
328,20630
1347,19050
243,29400
315,11470
803,31860
476,25870
1082,24270
120,22870
1427,19960
453,14140
781,12630
1257,31030
1267,33680
179,27230
719,14470
827,40610
1100,15990
333,33810
812,14490
336,41010
1237,32110
44,21640
1376,40920
1379,23160
871,21760
233,31700
323,22810
643,31180
37,14720
422,15600
998,27230
1307,30490
1486,15800
1059,16480
1068,16780
183,22210
1578,28600
145,16970
1488,15800
32,17950
56,85860
1510,39190
1105,14960
1196,12520
1072,11530
1433,16940
1010,36720
239,23510
1434,21700
966,23270
1539,10690
574,12190
569,6000
677,13630
389,33310
681,7260
977,10280
812,27470
1413,30220
45,52520
2,21500
769,15140
929,27940
1492,18380
1190,17860
554,19420
184,14280
553,15410
1126,35970
1509,4460
1491,23350
793,11550
55,19300
420,11660
1159,25660
1292,15800
1558,16810
1021,25720
241,13970
903,28300
133,59810
660,17790
1548,14260
836,19180
968,29240
800,57210
499,23520
1173,35400
11,15440
676,30220
28,22480
882,15220
173,18120
722,35260
1412,26260
768,14870
495,15950
1535,22380
913,23070
1048,7300
355,47710
1378,13770
769,13060
463,18860
219,29140
158,30610
685,8130
353,19720
1270,25740
765,24660
703,15680
1058,24080
1370,17170
341,26600
274,38110
824,26060
1502,39370
181,26990
1131,36540
1398,28420
390,12450
776,17230
286,29990
712,37960
1567,15100
259,41040
1368,35070
449,30460
684,15940
996,23530
1380,27710
890,12630
1115,20210
144,14370
428,8730
434,47270
165,66670
1184,12270
595,33970
479,22570
807,26430
325,20150
787,25010
1230,12480
1480,12740
1459,47970
1526,10480
1005,11110
860,23350
1292,17380
39,57700
301,41280
74,74090
185,14590
1306,33390
1581,22550
1214,23400
1415,10330
456,45480
1297,32920
890,18790
671,20900
1456,9970
31,24580
358,32380
260,30140
1019,22560
1126,14690
1057,42940
849,31950
129,13890
750,13570
905,21440
93,17000
124,37600
17,20680
685,12090
269,19060
1168,33880
419,38260
163,59240
1402,25590
1326,28410
431,40350
732,26040
1122,39330
1464,16370
610,29930
48,20610
1406,18770
1485,15310
918,22380
1018,43660
949,13780
1202,56230
1343,68750
1373,19850
1128,15670
367,13950
1342,7890
200,17360
1406,32300
355,19050
230,14380
943,38140
1493,18060
942,11110
1213,23950
916,19760
346,14060
1543,23100
213,17950
1244,21580
341,53140
1346,4130
1011,23710
1569,28810
820,40180
23,21580
184,30290
1577,42210
337,13830
841,29380
11,36030
1146,33340
1508,6940
878,31950
1023,4300
62,13500
1370,11280
1123,7250
325,12230
782,20120
96,20040
166,25970
520,19360
302,51480
1243,31040
380,11530
822,25850
408,34140
296,13660
362,54100
781,49050
1464,18820
113,15020
1561,21260
1480,18060
752,19700
37,18000
199,14280
1237,23260
712,22080
346,12020
340,32080
161,10340
1473,17270
826,25280
1288,20600
614,14930
706,31450
50,20690
1075,26770
1545,23740
1169,19930
276,29850
905,7600
829,18460
722,40280
242,26160
169,24400
590,16640
319,16730
153,33620
490,30450
666,38830
54,14290
754,22420
1179,18850
732,21830
1396,26120
151,30430
220,9570
584,41120
1576,40660
639,10880
41,19380
1548,21960
747,19580
1247,47240
848,21580
78,15420
53,20150
1498,30730
1405,4910
411,35100
734,21580
473,22030
704,4230
1280,19190
1446,18380
692,30140
1449,28650
251,31900
310,24280
1341,15100
498,43760
1314,19870
523,15850
417,80100
1283,15780
1525,13730
759,38490
7,52810
766,13440
1429,6200
1518,33580
589,59930
1456,71180
1546,27580
1122,12060
867,20340
1327,18790
958,22540
1420,45200
772,10240
1440,25180
136,18690
861,47360
421,13540
443,27240
727,26600
1117,9340
769,14760
868,9840
560,15410
558,17750
1543,45240
1453,18340
999,25740
715,25180
982,18960
29,63420
385,33620
875,19340
848,32160
263,46860
1028,16720
900,30140
965,33330
73,33620
177,14020
420,55620
1319,11010
1277,24370
1234,26630
1457,21070
1200,19940
903,30570
1432,26770
312,9820
1072,20780
543,20780
554,45140
344,36600
1220,6250
1110,5060
243,61780
911,18280
303,37920
726,29230
1315,24760
640,24980
56,21520
1408,13900
714,28230
539,11550
48,20380
809,22980
834,41110
1506,63230
582,26670
872,35690
1031,6400
536,34860
826,27100
1355,36780
1055,55610
413,14140
277,24130
1567,28990
842,14020
1132,13860
760,34780
300,10780
1511,19700
393,52680
746,24470
1022,25970
1471,20880
737,14740
646,37350
789,19340
1036,35940
605,30250
943,20500
1074,32970
444,28020
376,20200
213,30960
260,46750
1553,55090
336,11360
1174,50300
360,14380
988,21110
31,35630
752,23480
694,27960
1196,30760
892,18790
1051,35940
1164,19930
859,20340
880,13110
1467,22740
672,27980
1076,24890
675,10690
944,7470
1290,39080
845,10150
731,11380
1318,45250
634,9790
1468,36230
676,32890
208,14980
1316,74730
621,20760
921,31010
1352,14980
995,56610
875,29400
928,21160
1565,13440
238,23080
414,10060
612,18770
931,39400
583,9180
1077,18970
993,38020
1594,38240
772,26990
215,13480
1479,20850
767,67920
1461,8320
992,34100
551,33630
1359,30210
484,12400
782,17420
56,33810
244,32340
1329,13420
246,9310
678,18470
740,27480
44,19180
415,25490
11,18550
1101,26770
619,40000
618,34680
802,25990
648,19960
1092,56110
712,23160
659,17100
276,18580
595,14570
136,21290
1194,16640
130,20690
1513,47880
291,46310
800,17740
1485,19400
906,18280
238,22410
1069,15430
524,24090
1556,18000
865,17680
989,16870
1151,31840
385,29970
1041,33660
365,34980
891,26770
733,45960
437,4020
289,1190
1277,7360
571,11190
1453,36040
776,13440
461,19960
869,9260
1521,32340
1423,31250
98,34170
10,38620
1054,37480
77,22470
1067,14670
269,32360
720,16930
462,4210
762,15380
36,20500
1024,14490
101,21570
496,20110
262,13900
493,35520
487,20880
1393,5940
922,35360
1421,28650
1026,16950
1035,6710
290,22600
1214,28500
1339,17170
882,17260
450,32230
1007,14930
1389,37680
516,28730
687,8790
1568,3950
248,32360
54,24360
1326,19600
1372,11750
275,20600
1308,29880
613,15790
335,22600
1355,7020
815,6180
972,17110
861,8040
645,7260
1375,38640
1445,19060
274,28850
1382,27040
869,21250
1466,13730
1077,15430
867,18510
563,176410
1130,24370
1060,24340
872,14030
615,48140
1465,26600
494,26820
1035,12060
1158,23550
800,22780
1152,11850
1540,27480
12,20880
1367,26020
81,13980
84,30300
748,24750
1460,18380
615,3430
956,24150
1165,19050
1541,24920
1259,31230
165,28580
648,23520
1477,60740
1301,12370
1434,16230
1381,13800
1264,61450
797,15610
400,28150
548,24300
268,48640
1199,22880
625,6710
1365,21230
193,12900
1211,34760
961,31240
754,23180
1385,26890
158,24110
641,23900
1534,33900
588,21960
1074,23750
1336,13760
1494,16030
336,17050
215,15790
1003,34980
1484,18740
714,41690
898,10480
282,25980
275,28980
690,19870
691,1570
703,48110
986,16620
1038,19360
677,23900
21,34680
557,6940
454,8730
159,21070
253,69460
664,88680
649,14870
543,19770
1588,35950
509,47020
239,24350
790,18300
805,16200
1242,18850
14,13780
274,16930
41,30010
1198,15740
1519,10870
926,33460
90,49030
47,17530
1005,54960
1290,19740
228,12940
122,38420
126,26290
704,33910
3,16180
1532,30720
370,24400
505,34100
5,21680
1387,40590
1004,30730
1337,24180
136,50860
1149,23730
1332,19360
257,23480
596,19600
1264,13600
54,45010
1028,41740
941,34960
1102,39310
783,27350
683,17980
1304,24840
115,17680
194,15860
1321,33500
1014,20140
1462,9360
657,31880
1458,20860
711,31850
1117,20890
1056,23880
1058,26800
618,16720
780,33320
379,40420
1459,52010
1494,18120
132,16820
1065,20940
1196,13650
1344,39900
624,48140
63,46680
1582,57500
822,40300
1275,25970
853,43910
247,22870
68,21910
192,22030
526,44620
870,18780
515,23000
135,35940
1397,72200
1441,9060
619,20310
854,28290
799,10780
733,11570
459,68430
257,12700
1165,22070
311,43680
574,8820
592,27480
777,38110
390,23890
1555,16530
1003,15220
247,13490
1108,39330
1112,40480
930,38300
1499,27810
503,34290
387,13890
530,52480
787,11880
1472,26230
446,46390
570,42160
749,33790
57,16230
696,27760
317,38500
1523,17640
324,32660
1416,24760
626,27980
709,6460
1425,33210
1133,33910
271,38970
920,51620
1496,16590
63,24730
1576,37590
1167,33880
967,11680
942,15050
1244,16100
977,31240
464,18930
370,22240
1190,41970
611,19620
582,5440
343,16080
1096,22660
568,43490
9,9840
1220,10680
1070,20780
600,41790
73,14030
686,28040
348,21450
1513,19590
612,20860
734,16220
1555,37780
727,21580
565,52630
521,26080
507,30360
295,24440
331,18090
146,13640
295,33040
984,26730
1362,34980
833,24910
546,22330
1385,27980
1133,33810
1491,22120
1123,24730
106,38860
56,14280
1335,8170
1523,26100
245,26860
505,17190
852,11250
14,23370
1519,47880
736,22580
150,28330
830,33180
855,20650
790,18600
408,36640
783,31500
524,34440
1099,35480
606,20760
52,27960
162,37700
1478,16030
667,27040
415,21640
1208,6250
1513,31310
1476,27730
1483,18060
814,13300
401,39980
784,14020
567,40110
1316,11980
1387,45980
521,33740
627,31180
1573,22970
625,63700
477,20110
787,95960
252,35250
417,40240
250,39760
1165,14160
628,41680
183,26200
1295,41540
844,12190
833,16230
404,34420
736,4400
264,15080
160,24130
681,9740
739,16580
449,28270
1021,13660
1257,19830
417,38280
52,15100
783,13320
764,28480
1080,27920
701,3150
537,13240
1273,43270
1544,23150
735,5030
1479,18570
858,25370
25,16640
528,19190
275,6580
1512,16880
648,18970
448,75620
495,122600
435,14100
413,22070
814,38330
816,17830
232,23770
955,25140
67,28730
702,51220
1248,7850
1377,28190
1515,22030
896,30300
423,12020
1406,47590
238,12750
870,9430
363,28360
318,35680
450,12230
972,17050
1110,27370
922,59720
873,16780
55,50960
10,27260
585,12410
466,8190
730,44080
270,15900
216,22270
344,26620
840,17330
167,17530
156,13200
1009,13650
717,17450
1246,31810
687,26310
985,30880
1344,22710
589,4850
1074,30270
763,14760
1489,13190
914,38130
1536,21710
588,44670
1500,27280
822,35110
933,19980
1540,52890
1246,34320
1113,30220
317,42490
728,3560
232,39080
380,32710
1030,60670
13,24820
1540,13620
1506,18710
1117,28870
508,25080
1455,48950
576,36580
913,17170
1555,8040
857,6720
1530,4940
1271,51050
142,19820
629,35530
1391,25060
777,10140
148,15800
291,23080
1385,23040
308,13320
1395,70840
1293,15060
104,44450
527,47180
127,47150
1541,35650
1277,51830
855,34520
482,15380
1098,13730
1391,15620
765,18380
145,23610
1240,14060
990,23960
1013,23080
901,20860
898,55770
103,15510
1338,24760
549,40000
82,28620
644,3330
294,27280
600,23970
1543,21930
979,13780
870,34520
492,19980
292,44990
1029,17090
997,42820
1002,13070
777,51480
663,47130
59,114720
788,26990
1487,13190
877,34650
1421,14900
780,21030
1553,41980
893,16710
1322,40740
117,33300
435,18340
750,17230
370,38970
453,14020
1258,33580
1471,11140
122,50580
555,45880
290,18430
539,29020
882,34510
486,21070
1547,75580
107,29260
1010,15750
1086,19830
27,17950
472,13050
734,19450
112,17670
1341,18220
1432,11760
198,22240
1594,25410
1311,39870
285,21230
1310,51900
115,22020
544,36580
570,22410
1278,21070
1038,11050
774,20180
142,125340
799,24620
1588,19670
1259,27600
1028,19780
537,29910
184,32910
1327,33580
1149,21790
820,22180
1148,23040
1361,13180
1273,17800
454,15620
912,10110
78,22790
135,25870
352,23520
368,7680
933,36470
156,19020
1529,15310
850,33180
894,40870
1539,7960
784,16690
444,12850
1235,20550
180,20500
1534,34780
426,45960
236,26380
1341,22140
353,45080
1521,27730
918,21650
539,8820
651,49570
775,20890
1282,30470
1445,52180
443,24180
918,34870
103,83910
1016,31840
141,18060
1064,32380
703,27480
1166,20120
1485,34270
960,41040
807,10330
999,16220
1043,28140
157,15240
1424,24970
1217,40610
1544,12340
167,13540
1237,21380
527,4820
729,14290
738,3430
1567,13610
595,20160
795,30560
443,39250
375,19700
88,24070
251,32640
904,21980
508,27130
1309,30230
673,16180
120,19530
448,32380
291,22980
223,13800
1526,30190
1552,33730
82,17090
1083,12160
740,21330
825,24910
1285,13470
1304,16950
625,12480
229,30960
1454,25560
1152,19870
209,52900
1153,29140
1233,24150
1303,39230
21,17740
1437,39530
237,13970
763,58890
1493,17580
1017,24770
1337,12360
154,16720
1134,17910
1040,39510
1495,25360
297,14350
931,34480
817,29930
884,29600
980,30500
471,40930
400,16270
352,34360
22,24550
312,46500
491,88020
1501,20600
1101,17510
1575,17830
230,21540
1219,13440
1022,22780
490,4330
1026,25940
398,18280
403,18850
728,15840
292,37150
1413,27480
1466,97160
234,21230
533,50220
1205,18050
946,16450
159,31840
1354,116750
1170,40500
279,23180
1018,12080
389,26480
805,30860
1086,38310
344,55200
1180,41970
1162,7100
1388,33070
603,42790
1499,30320
1070,35900
771,30110
289,11380
38,42820
376,8620
975,11680
635,70110
35,21780
724,38490
1414,27000
1332,28990
590,33910
947,67820
462,25410
954,18520
613,30960
1241,6780
1212,32940
32,35680
557,27520
637,40400
1170,19540
271,13750
1098,23400
572,14820
1253,26120
21,28870
481,22980
124,27710
810,33280
1290,25500
618,11860
1169,49180
957,24130
432,22020
909,29880
129,26290
667,62710
1241,23500
1186,14500
1513,16370
693,16180
313,40000
184,21860
1495,15500
1076,16780
960,17100
803,31200
1339,37170
1222,19080
4,22420
270,26200
193,4320
350,29660
998,17680
1408,20440
1221,21830
1165,43850
1171,28180
879,27100
694,11980
327,16920
1041,22400
1051,16050
873,33970
1251,26520
500,32740
628,19940
1068,29290
1029,16630
1502,20910
934,31340
626,24470
1531,24710
445,14430
875,40920
1205,29380
1271,32650
542,25620
1056,16000
1452,18280
356,29260
1162,26040
1064,18790
1463,32590
698,38380
1484,27280
150,39910
118,22590
569,20980
1170,29740
976,46390
469,20210
525,4340
584,21180
1564,19980
314,14130
88,17540
157,33370
405,24980
858,38570
1401,24360
1569,30250
1276,15640
167,17340
222,20120
296,16540
89,34530
1525,18280
627,48640
1180,46420
1488,19670
532,19730
1512,3800
623,26770
374,13400
441,25720
720,10960
137,23610
652,34730
573,31190
1572,15880
655,29980
176,22550
1065,17580
982,21160
203,34540
1240,24760
1061,40910
764,32700
1242,24510
662,24230
72,50610
316,13110
682,26120
1310,33490
1146,11520
1375,15620
1439,25940
1306,22880
1584,16330
1156,38610
1263,24180
884,10480
1373,9420
17,32210
346,35670
1575,11750
529,131120
669,119880
892,13420
289,46880
1247,22590
92,25720
1044,10910
1020,8120
831,34420
240,24350
732,12070
601,15670
420,23530
1215,18050
616,10210
699,57310
961,19980
744,18120
304,16030
1131,16540
709,40940
442,36280
1039,24360
1571,12940
1490,30140
1446,19280
646,97920
1313,18580
1342,29050
1262,38920
1593,11180
1216,31060
99,24780
1323,26050
1501,13500
1445,20860
1426,20960
201,21460
173,33210
1411,68880
313,21790
1041,34310
1095,21400
469,15620
53,39260
1077,34790
272,46310
923,111880
558,27100
161,22020
517,35490
877,13400
102,20600
1384,25180
1297,15600
414,21820
268,24710
1246,57490
1572,37670
9,17410
24,19500
254,18040
583,35380
629,44000
1327,29980
307,14350
422,11330
763,21100
875,48090
360,32460
1257,21580
936,23350
292,13070
400,19060
710,15490
1437,20860
1405,41670
333,41980
421,37370
1014,26020
986,16220
1489,26400
702,11510
928,35630
919,42820
1496,23920
680,35630
1086,28060
1302,31030
405,20150
277,19070
235,13610
620,21510
1405,26630
19,24500
874,21860
613,8730
1221,20310
426,13440
647,35560
1582,19860
1085,13000
268,34870
601,19690
177,20440
527,19360
472,14990
349,19540
100,22970
451,4020
159,15090
123,22870
630,16240
1525,31000
1147,15290
598,15040
1570,13480
719,24290
418,26120
1249,49760
655,32440
79,30280
1249,26860
514,18300
665,25710
865,21220
855,23160
571,20560
210,28610
125,22990
1017,17960
220,54770
840,21980
357,55180
1,70070
494,15290
216,17800
775,81300
877,31780
979,15780
20,19410
348,14020
304,25800
1534,13620
318,18210
1164,33880
1257,29570
266,33750
738,22020
1128,15190
375,18110
935,19600
187,63330
950,13400
650,27480
1444,14230
825,37070
763,14520
1522,19700
207,23730
983,35620
235,11230
721,33560
854,24340
1435,28120
548,32980
1190,20360
109,21490
483,7960
1236,79220
1061,24610
547,42140
1467,18280
231,16470
1036,27350
708,42100
646,15750
723,6150
697,44500
1401,53390
1042,32360
249,20980
658,64690
15,26160
62,15650
776,23380
1423,33300
384,11240
1037,60460
1424,7560
1367,28160
1451,15970
1575,106560
1585,73690
916,16320
545,31340
84,18680
690,19250
101,13760
270,19810
1521,31860
1505,4220
1532,13500
903,11020
244,29850
1135,30220
829,62100
1444,11900
280,55200
185,17540
1317,20650
1484,30140
1371,9420
441,15880
386,32180
559,46730
334,13250
1289,18590
1282,18400
1145,17830
520,37180
480,22570
288,29630
962,14890
1233,20280
374,18470
563,21990
1558,23870
1101,33480
617,31350
1548,18170
946,14870
52,16600
514,21540
1121,40480
220,28840
348,75580
954,17100
354,45990
545,43490
1114,33600
1154,39320
1441,5220
68,30120
1381,34920
1021,33330
156,23740
1530,21710
530,19060
1486,17900
815,15580
880,14930
366,13340
922,31250
1167,17860
477,48920
329,35080
811,36150
491,24380
214,9790
855,22050
324,31180
749,20110
959,18730
833,29660
417,18700
327,17640
1025,34140
380,17060
307,14000
422,25950
1359,22030
111,15640
1266,46970
66,46680
1446,4300
678,6280
1255,33730
1536,42900
1309,13470
66,13500
1203,22400
716,22480
1286,49470
531,24920
407,35260
917,21190
789,29850
947,21940
1329,20940
824,53690
1164,22030
962,29280
354,23960
1032,8610
1102,29470
1415,11680
1103,21830
425,10540
589,36270
856,31780
1004,11050
1080,12170
624,17750
102,14730
174,16310
177,44780
1146,8980
723,47020
71,13510
1157,10680
1225,21090
1358,24180
725,41520
1107,47340
295,32150
1273,20160
171,7720
596,13660
381,26490
936,19640
35,29500
1351,24000
849,37370
1296,18910
43,20380
1562,16240
807,12170
1519,26290
1357,4470
6,15120
693,6960
256,29610
715,10960
1059,29400
656,14740
1143,24820
1447,34540
893,11680
73,21830
725,12580
705,5330
1209,29700
827,29360
434,13770
100,28320
1406,15910
537,12930
547,50930
214,34700
1489,29660
202,28870
431,21260
1060,6400
1502,24760
700,6580
1298,18250
1171,17420
512,18510
92,31780
771,59920
985,15510
1465,28570
641,24580
430,31780
1299,44780
1012,27870
1014,83230
1335,31120
1141,24350
103,17680
1093,15250
843,10440
295,18210
141,28330
111,20790
401,7680
707,33730
801,28600
65,13210
265,27180
1375,33900
504,25720
842,20360
239,29400
317,41010
1071,33290
1183,45880
1226,55810
1442,18730
943,27940
